,Mobile,Price,Ratings
0,"Realme 5i (Forest Green, 128 GB)","₹10,999",4.4
1,"Redmi 8 (Ruby Red, 64 GB)","₹8,999",4.4
2,"Realme C3 (Blazing Red, 32 GB)","₹7,499",4.4
3,"Realme C3 (Frozen Blue, 32 GB)","₹7,499",4.4
4,"Redmi 8 (Onyx Black, 64 GB)","₹8,999",4.4
5,"Realme 6 (Comet Blue, 64 GB)","₹13,999",4.4
6,"Realme 5i (Forest Green, 64 GB)","₹9,999",4.4
7,"Realme 5i (Aqua Blue, 128 GB)","₹10,999",4.4
8,"Realme 5i (Aqua Blue, 64 GB)","₹9,999",4.4
9,"Realme 5s (Crystal Blue, 64 GB)","₹10,999",4.4
10,"Realme 6 (Comet White, 64 GB)","₹13,999",4.4
11,"Realme C2 (Diamond Black, 32 GB)","₹6,499",4.4
12,"Realme C2 (Diamond Black, 32 GB)","₹7,499",4.3
13,"Realme C2 (Diamond Blue, 32 GB)","₹6,499",4.4
14,"Realme 5s (Crystal Blue, 128 GB)","₹11,999",4.4
15,"Realme 5s (Crystal Purple, 64 GB)","₹10,999",4.4
16,"Vivo U10 (Electric Blue, 32 GB)","₹9,990",4.4
17,"Realme C3 (Frozen Blue, 64 GB)","₹8,499",4.4
18,"Realme 6 Pro (Lightning Blue, 64 GB)","₹17,999",4.6
19,"Realme C2 (Diamond Ruby, 32 GB)","₹7,499",4.3
20,"Realme C2 (Diamond Sapphire, 32 GB)","₹7,499",4.3
21,"POCO X2 (Matrix Purple, 128 GB)","₹17,999",4.6
22,"Realme 6 Pro (Lightning Blue, 128 GB)","₹19,999",4.5
23,"Realme 6 Pro (Lightning Blue, 128 GB)","₹18,999",4.6
24,"Realme 5i (Forest Green, 128 GB)","₹10,999",4.4
25,"Redmi 8 (Ruby Red, 64 GB)","₹8,999",4.4
26,"Realme C3 (Blazing Red, 32 GB)","₹7,499",4.4
27,"Realme C3 (Frozen Blue, 32 GB)","₹7,499",4.4
28,"Redmi 8 (Onyx Black, 64 GB)","₹8,999",4.4
29,"Realme 6 (Comet Blue, 64 GB)","₹13,999",4.4
30,"Realme 5i (Forest Green, 64 GB)","₹9,999",4.4
31,"Realme 5i (Aqua Blue, 128 GB)","₹10,999",4.4
32,"Realme 5i (Aqua Blue, 64 GB)","₹9,999",4.4
33,"Realme 5s (Crystal Blue, 64 GB)","₹10,999",4.4
34,"Realme 6 (Comet White, 64 GB)","₹13,999",4.4
35,"Realme C2 (Diamond Black, 32 GB)","₹6,499",4.4
36,"Realme C2 (Diamond Black, 32 GB)","₹7,499",4.3
37,"Realme C2 (Diamond Blue, 32 GB)","₹6,499",4.4
38,"Realme 5s (Crystal Blue, 128 GB)","₹11,999",4.4
39,"Realme 5s (Crystal Purple, 64 GB)","₹10,999",4.4
40,"Vivo U10 (Electric Blue, 32 GB)","₹9,990",4.4
41,"Realme C3 (Frozen Blue, 64 GB)","₹8,499",4.4
42,"Realme 6 Pro (Lightning Blue, 64 GB)","₹17,999",4.6
43,"Realme C2 (Diamond Ruby, 32 GB)","₹7,499",4.3
44,"Realme C2 (Diamond Sapphire, 32 GB)","₹7,499",4.3
45,"POCO X2 (Matrix Purple, 128 GB)","₹17,999",4.6
46,"Realme 6 Pro (Lightning Blue, 128 GB)","₹19,999",4.5
47,"Realme 6 Pro (Lightning Blue, 128 GB)","₹18,999",4.6
48,"Realme 5i (Forest Green, 128 GB)","₹10,999",4.4
49,"Redmi 8 (Ruby Red, 64 GB)","₹8,999",4.4
50,"Realme C3 (Blazing Red, 32 GB)","₹7,499",4.4
51,"Realme C3 (Frozen Blue, 32 GB)","₹7,499",4.4
52,"Redmi 8 (Onyx Black, 64 GB)","₹8,999",4.4
53,"Realme 6 (Comet Blue, 64 GB)","₹13,999",4.4
54,"Realme 5i (Forest Green, 64 GB)","₹9,999",4.4
55,"Realme 5i (Aqua Blue, 128 GB)","₹10,999",4.4
56,"Realme 5i (Aqua Blue, 64 GB)","₹9,999",4.4
57,"Realme 5s (Crystal Blue, 64 GB)","₹10,999",4.4
58,"Realme 6 (Comet White, 64 GB)","₹13,999",4.4
59,"Realme C2 (Diamond Black, 32 GB)","₹6,499",4.4
60,"Realme C2 (Diamond Black, 32 GB)","₹7,499",4.3
61,"Realme C2 (Diamond Blue, 32 GB)","₹6,499",4.4
62,"Realme 5s (Crystal Blue, 128 GB)","₹11,999",4.4
63,"Realme 5s (Crystal Purple, 64 GB)","₹10,999",4.4
64,"Vivo U10 (Electric Blue, 32 GB)","₹9,990",4.4
65,"Realme C3 (Frozen Blue, 64 GB)","₹8,499",4.4
66,"Realme 6 Pro (Lightning Blue, 64 GB)","₹17,999",4.6
67,"Realme C2 (Diamond Ruby, 32 GB)","₹7,499",4.3
68,"Realme C2 (Diamond Sapphire, 32 GB)","₹7,499",4.3
69,"POCO X2 (Matrix Purple, 128 GB)","₹17,999",4.6
70,"Realme 6 Pro (Lightning Blue, 128 GB)","₹19,999",4.5
71,"Realme 6 Pro (Lightning Blue, 128 GB)","₹18,999",4.6
72,"Realme 5i (Forest Green, 128 GB)","₹10,999",4.4
73,"Redmi 8 (Ruby Red, 64 GB)","₹8,999",4.4
74,"Realme C3 (Blazing Red, 32 GB)","₹7,499",4.4
75,"Realme C3 (Frozen Blue, 32 GB)","₹7,499",4.4
76,"Redmi 8 (Onyx Black, 64 GB)","₹8,999",4.4
77,"Realme 6 (Comet Blue, 64 GB)","₹13,999",4.4
78,"Realme 5i (Forest Green, 64 GB)","₹9,999",4.4
79,"Realme 5i (Aqua Blue, 128 GB)","₹10,999",4.4
80,"Realme 5i (Aqua Blue, 64 GB)","₹9,999",4.4
81,"Realme 5s (Crystal Blue, 64 GB)","₹10,999",4.4
82,"Realme 6 (Comet White, 64 GB)","₹13,999",4.4
83,"Realme C2 (Diamond Black, 32 GB)","₹6,499",4.4
84,"Realme C2 (Diamond Black, 32 GB)","₹7,499",4.3
85,"Realme C2 (Diamond Blue, 32 GB)","₹6,499",4.4
86,"Realme 5s (Crystal Blue, 128 GB)","₹11,999",4.4
87,"Realme 5s (Crystal Purple, 64 GB)","₹10,999",4.4
88,"Vivo U10 (Electric Blue, 32 GB)","₹9,990",4.4
89,"Realme C3 (Frozen Blue, 64 GB)","₹8,499",4.4
90,"Realme 6 Pro (Lightning Blue, 64 GB)","₹17,999",4.6
91,"Realme C2 (Diamond Ruby, 32 GB)","₹7,499",4.3
92,"Realme C2 (Diamond Sapphire, 32 GB)","₹7,499",4.3
93,"POCO X2 (Matrix Purple, 128 GB)","₹17,999",4.6
94,"Realme 6 Pro (Lightning Blue, 128 GB)","₹19,999",4.5
95,"Realme 6 Pro (Lightning Blue, 128 GB)","₹18,999",4.6
96,"Realme 5i (Forest Green, 128 GB)","₹10,999",4.4
97,"Redmi 8 (Ruby Red, 64 GB)","₹8,999",4.4
98,"Realme C3 (Blazing Red, 32 GB)","₹7,499",4.4
99,"Realme C3 (Frozen Blue, 32 GB)","₹7,499",4.4
100,"Redmi 8 (Onyx Black, 64 GB)","₹8,999",4.4
101,"Realme 6 (Comet Blue, 64 GB)","₹13,999",4.4
102,"Realme 5i (Forest Green, 64 GB)","₹9,999",4.4
103,"Realme 5i (Aqua Blue, 128 GB)","₹10,999",4.4
104,"Realme 5i (Aqua Blue, 64 GB)","₹9,999",4.4
105,"Realme 5s (Crystal Blue, 64 GB)","₹10,999",4.4
106,"Realme 6 (Comet White, 64 GB)","₹13,999",4.4
107,"Realme C2 (Diamond Black, 32 GB)","₹6,499",4.4
108,"Realme C2 (Diamond Black, 32 GB)","₹7,499",4.3
109,"Realme C2 (Diamond Blue, 32 GB)","₹6,499",4.4
110,"Realme 5s (Crystal Blue, 128 GB)","₹11,999",4.4
111,"Realme 5s (Crystal Purple, 64 GB)","₹10,999",4.4
112,"Vivo U10 (Electric Blue, 32 GB)","₹9,990",4.4
113,"Realme C3 (Frozen Blue, 64 GB)","₹8,499",4.4
114,"Realme 6 Pro (Lightning Blue, 64 GB)","₹17,999",4.6
115,"Realme C2 (Diamond Ruby, 32 GB)","₹7,499",4.3
116,"Realme C2 (Diamond Sapphire, 32 GB)","₹7,499",4.3
117,"POCO X2 (Matrix Purple, 128 GB)","₹17,999",4.6
118,"Realme 6 Pro (Lightning Blue, 128 GB)","₹19,999",4.5
119,"Realme 6 Pro (Lightning Blue, 128 GB)","₹18,999",4.6
120,"Realme 5i (Forest Green, 128 GB)","₹10,999",4.4
121,"Redmi 8 (Ruby Red, 64 GB)","₹8,999",4.4
122,"Realme C3 (Blazing Red, 32 GB)","₹7,499",4.4
123,"Realme C3 (Frozen Blue, 32 GB)","₹7,499",4.4
124,"Redmi 8 (Onyx Black, 64 GB)","₹8,999",4.4
125,"Realme 6 (Comet Blue, 64 GB)","₹13,999",4.4
126,"Realme 5i (Forest Green, 64 GB)","₹9,999",4.4
127,"Realme 5i (Aqua Blue, 128 GB)","₹10,999",4.4
128,"Realme 5i (Aqua Blue, 64 GB)","₹9,999",4.4
129,"Realme 5s (Crystal Blue, 64 GB)","₹10,999",4.4
130,"Realme 6 (Comet White, 64 GB)","₹13,999",4.4
131,"Realme C2 (Diamond Black, 32 GB)","₹6,499",4.4
132,"Realme C2 (Diamond Black, 32 GB)","₹7,499",4.3
133,"Realme C2 (Diamond Blue, 32 GB)","₹6,499",4.4
134,"Realme 5s (Crystal Blue, 128 GB)","₹11,999",4.4
135,"Realme 5s (Crystal Purple, 64 GB)","₹10,999",4.4
136,"Vivo U10 (Electric Blue, 32 GB)","₹9,990",4.4
137,"Realme C3 (Frozen Blue, 64 GB)","₹8,499",4.4
138,"Realme 6 Pro (Lightning Blue, 64 GB)","₹17,999",4.6
139,"Realme C2 (Diamond Ruby, 32 GB)","₹7,499",4.3
140,"Realme C2 (Diamond Sapphire, 32 GB)","₹7,499",4.3
141,"POCO X2 (Matrix Purple, 128 GB)","₹17,999",4.6
142,"Realme 6 Pro (Lightning Blue, 128 GB)","₹19,999",4.5
143,"Realme 6 Pro (Lightning Blue, 128 GB)","₹18,999",4.6
144,"Realme 5i (Forest Green, 128 GB)","₹10,999",4.4
145,"Redmi 8 (Ruby Red, 64 GB)","₹8,999",4.4
146,"Realme C3 (Blazing Red, 32 GB)","₹7,499",4.4
147,"Realme C3 (Frozen Blue, 32 GB)","₹7,499",4.4
148,"Redmi 8 (Onyx Black, 64 GB)","₹8,999",4.4
149,"Realme 6 (Comet Blue, 64 GB)","₹13,999",4.4
150,"Realme 5i (Forest Green, 64 GB)","₹9,999",4.4
151,"Realme 5i (Aqua Blue, 128 GB)","₹10,999",4.4
152,"Realme 5i (Aqua Blue, 64 GB)","₹9,999",4.4
153,"Realme 5s (Crystal Blue, 64 GB)","₹10,999",4.4
154,"Realme 6 (Comet White, 64 GB)","₹13,999",4.4
155,"Realme C2 (Diamond Black, 32 GB)","₹6,499",4.4
156,"Realme C2 (Diamond Black, 32 GB)","₹7,499",4.3
157,"Realme C2 (Diamond Blue, 32 GB)","₹6,499",4.4
158,"Realme 5s (Crystal Blue, 128 GB)","₹11,999",4.4
159,"Realme 5s (Crystal Purple, 64 GB)","₹10,999",4.4
160,"Vivo U10 (Electric Blue, 32 GB)","₹9,990",4.4
161,"Realme C3 (Frozen Blue, 64 GB)","₹8,499",4.4
162,"Realme 6 Pro (Lightning Blue, 64 GB)","₹17,999",4.6
163,"Realme C2 (Diamond Ruby, 32 GB)","₹7,499",4.3
164,"Realme C2 (Diamond Sapphire, 32 GB)","₹7,499",4.3
165,"POCO X2 (Matrix Purple, 128 GB)","₹17,999",4.6
166,"Realme 6 Pro (Lightning Blue, 128 GB)","₹19,999",4.5
167,"Realme 6 Pro (Lightning Blue, 128 GB)","₹18,999",4.6
168,"Realme 5i (Forest Green, 128 GB)","₹10,999",4.4
169,"Redmi 8 (Ruby Red, 64 GB)","₹8,999",4.4
170,"Realme C3 (Blazing Red, 32 GB)","₹7,499",4.4
171,"Realme C3 (Frozen Blue, 32 GB)","₹7,499",4.4
172,"Redmi 8 (Onyx Black, 64 GB)","₹8,999",4.4
173,"Realme 6 (Comet Blue, 64 GB)","₹13,999",4.4
174,"Realme 5i (Forest Green, 64 GB)","₹9,999",4.4
175,"Realme 5i (Aqua Blue, 128 GB)","₹10,999",4.4
176,"Realme 5i (Aqua Blue, 64 GB)","₹9,999",4.4
177,"Realme 5s (Crystal Blue, 64 GB)","₹10,999",4.4
178,"Realme 6 (Comet White, 64 GB)","₹13,999",4.4
179,"Realme C2 (Diamond Black, 32 GB)","₹6,499",4.4
180,"Realme C2 (Diamond Black, 32 GB)","₹7,499",4.3
181,"Realme C2 (Diamond Blue, 32 GB)","₹6,499",4.4
182,"Realme 5s (Crystal Blue, 128 GB)","₹11,999",4.4
183,"Realme 5s (Crystal Purple, 64 GB)","₹10,999",4.4
184,"Vivo U10 (Electric Blue, 32 GB)","₹9,990",4.4
185,"Realme C3 (Frozen Blue, 64 GB)","₹8,499",4.4
186,"Realme 6 Pro (Lightning Blue, 64 GB)","₹17,999",4.6
187,"Realme C2 (Diamond Ruby, 32 GB)","₹7,499",4.3
188,"Realme C2 (Diamond Sapphire, 32 GB)","₹7,499",4.3
189,"POCO X2 (Matrix Purple, 128 GB)","₹17,999",4.6
190,"Realme 6 Pro (Lightning Blue, 128 GB)","₹19,999",4.5
191,"Realme 6 Pro (Lightning Blue, 128 GB)","₹18,999",4.6
192,"Realme 5i (Forest Green, 128 GB)","₹10,999",4.4
193,"Redmi 8 (Ruby Red, 64 GB)","₹8,999",4.4
194,"Realme C3 (Blazing Red, 32 GB)","₹7,499",4.4
195,"Realme C3 (Frozen Blue, 32 GB)","₹7,499",4.4
196,"Redmi 8 (Onyx Black, 64 GB)","₹8,999",4.4
197,"Realme 6 (Comet Blue, 64 GB)","₹13,999",4.4
198,"Realme 5i (Forest Green, 64 GB)","₹9,999",4.4
199,"Realme 5i (Aqua Blue, 128 GB)","₹10,999",4.4
200,"Realme 5i (Aqua Blue, 64 GB)","₹9,999",4.4
201,"Realme 5s (Crystal Blue, 64 GB)","₹10,999",4.4
202,"Realme 6 (Comet White, 64 GB)","₹13,999",4.4
203,"Realme C2 (Diamond Black, 32 GB)","₹6,499",4.4
204,"Realme C2 (Diamond Black, 32 GB)","₹7,499",4.3
205,"Realme C2 (Diamond Blue, 32 GB)","₹6,499",4.4
206,"Realme 5s (Crystal Blue, 128 GB)","₹11,999",4.4
207,"Realme 5s (Crystal Purple, 64 GB)","₹10,999",4.4
208,"Vivo U10 (Electric Blue, 32 GB)","₹9,990",4.4
209,"Realme C3 (Frozen Blue, 64 GB)","₹8,499",4.4
210,"Realme 6 Pro (Lightning Blue, 64 GB)","₹17,999",4.6
211,"Realme C2 (Diamond Ruby, 32 GB)","₹7,499",4.3
212,"Realme C2 (Diamond Sapphire, 32 GB)","₹7,499",4.3
213,"POCO X2 (Matrix Purple, 128 GB)","₹17,999",4.6
214,"Realme 6 Pro (Lightning Blue, 128 GB)","₹19,999",4.5
215,"Realme 6 Pro (Lightning Blue, 128 GB)","₹18,999",4.6
216,"Realme 5i (Forest Green, 128 GB)","₹10,999",4.4
217,"Redmi 8 (Ruby Red, 64 GB)","₹8,999",4.4
218,"Realme C3 (Blazing Red, 32 GB)","₹7,499",4.4
219,"Realme C3 (Frozen Blue, 32 GB)","₹7,499",4.4
220,"Redmi 8 (Onyx Black, 64 GB)","₹8,999",4.4
221,"Realme 6 (Comet Blue, 64 GB)","₹13,999",4.4
222,"Realme 5i (Forest Green, 64 GB)","₹9,999",4.4
223,"Realme 5i (Aqua Blue, 128 GB)","₹10,999",4.4
224,"Realme 5i (Aqua Blue, 64 GB)","₹9,999",4.4
225,"Realme 5s (Crystal Blue, 64 GB)","₹10,999",4.4
226,"Realme 6 (Comet White, 64 GB)","₹13,999",4.4
227,"Realme C2 (Diamond Black, 32 GB)","₹6,499",4.4
228,"Realme C2 (Diamond Black, 32 GB)","₹7,499",4.3
229,"Realme C2 (Diamond Blue, 32 GB)","₹6,499",4.4
230,"Realme 5s (Crystal Blue, 128 GB)","₹11,999",4.4
231,"Realme 5s (Crystal Purple, 64 GB)","₹10,999",4.4
232,"Vivo U10 (Electric Blue, 32 GB)","₹9,990",4.4
233,"Realme C3 (Frozen Blue, 64 GB)","₹8,499",4.4
234,"Realme 6 Pro (Lightning Blue, 64 GB)","₹17,999",4.6
235,"Realme C2 (Diamond Ruby, 32 GB)","₹7,499",4.3
236,"Realme C2 (Diamond Sapphire, 32 GB)","₹7,499",4.3
237,"POCO X2 (Matrix Purple, 128 GB)","₹17,999",4.6
238,"Realme 6 Pro (Lightning Blue, 128 GB)","₹19,999",4.5
239,"Realme 6 Pro (Lightning Blue, 128 GB)","₹18,999",4.6
240,"Realme 5i (Forest Green, 128 GB)","₹10,999",4.4
241,"Redmi 8 (Ruby Red, 64 GB)","₹8,999",4.4
242,"Realme C3 (Blazing Red, 32 GB)","₹7,499",4.4
243,"Realme C3 (Frozen Blue, 32 GB)","₹7,499",4.4
244,"Redmi 8 (Onyx Black, 64 GB)","₹8,999",4.4
245,"Realme 6 (Comet Blue, 64 GB)","₹13,999",4.4
246,"Realme 5i (Forest Green, 64 GB)","₹9,999",4.4
247,"Realme 5i (Aqua Blue, 128 GB)","₹10,999",4.4
248,"Realme 5i (Aqua Blue, 64 GB)","₹9,999",4.4
249,"Realme 5s (Crystal Blue, 64 GB)","₹10,999",4.4
250,"Realme 6 (Comet White, 64 GB)","₹13,999",4.4
251,"Realme C2 (Diamond Black, 32 GB)","₹6,499",4.4
252,"Realme C2 (Diamond Black, 32 GB)","₹7,499",4.3
253,"Realme C2 (Diamond Blue, 32 GB)","₹6,499",4.4
254,"Realme 5s (Crystal Blue, 128 GB)","₹11,999",4.4
255,"Realme 5s (Crystal Purple, 64 GB)","₹10,999",4.4
256,"Vivo U10 (Electric Blue, 32 GB)","₹9,990",4.4
257,"Realme C3 (Frozen Blue, 64 GB)","₹8,499",4.4
258,"Realme 6 Pro (Lightning Blue, 64 GB)","₹17,999",4.6
259,"Realme C2 (Diamond Ruby, 32 GB)","₹7,499",4.3
260,"Realme C2 (Diamond Sapphire, 32 GB)","₹7,499",4.3
261,"POCO X2 (Matrix Purple, 128 GB)","₹17,999",4.6
262,"Realme 6 Pro (Lightning Blue, 128 GB)","₹19,999",4.5
263,"Realme 6 Pro (Lightning Blue, 128 GB)","₹18,999",4.6
264,"Realme 5i (Forest Green, 128 GB)","₹10,999",4.4
265,"Redmi 8 (Ruby Red, 64 GB)","₹8,999",4.4
266,"Realme C3 (Blazing Red, 32 GB)","₹7,499",4.4
267,"Realme C3 (Frozen Blue, 32 GB)","₹7,499",4.4
268,"Redmi 8 (Onyx Black, 64 GB)","₹8,999",4.4
269,"Realme 6 (Comet Blue, 64 GB)","₹13,999",4.4
270,"Realme 5i (Forest Green, 64 GB)","₹9,999",4.4
271,"Realme 5i (Aqua Blue, 128 GB)","₹10,999",4.4
272,"Realme 5i (Aqua Blue, 64 GB)","₹9,999",4.4
273,"Realme 5s (Crystal Blue, 64 GB)","₹10,999",4.4
274,"Realme 6 (Comet White, 64 GB)","₹13,999",4.4
275,"Realme C2 (Diamond Black, 32 GB)","₹6,499",4.4
276,"Realme C2 (Diamond Black, 32 GB)","₹7,499",4.3
277,"Realme C2 (Diamond Blue, 32 GB)","₹6,499",4.4
278,"Realme 5s (Crystal Blue, 128 GB)","₹11,999",4.4
279,"Realme 5s (Crystal Purple, 64 GB)","₹10,999",4.4
280,"Vivo U10 (Electric Blue, 32 GB)","₹9,990",4.4
281,"Realme C3 (Frozen Blue, 64 GB)","₹8,499",4.4
282,"Realme 6 Pro (Lightning Blue, 64 GB)","₹17,999",4.6
283,"Realme C2 (Diamond Ruby, 32 GB)","₹7,499",4.3
284,"Realme C2 (Diamond Sapphire, 32 GB)","₹7,499",4.3
285,"POCO X2 (Matrix Purple, 128 GB)","₹17,999",4.6
286,"Realme 6 Pro (Lightning Blue, 128 GB)","₹19,999",4.5
287,"Realme 6 Pro (Lightning Blue, 128 GB)","₹18,999",4.6
288,"Realme 5i (Forest Green, 128 GB)","₹10,999",4.4
289,"Redmi 8 (Ruby Red, 64 GB)","₹8,999",4.4
290,"Realme C3 (Blazing Red, 32 GB)","₹7,499",4.4
291,"Realme C3 (Frozen Blue, 32 GB)","₹7,499",4.4
292,"Redmi 8 (Onyx Black, 64 GB)","₹8,999",4.4
293,"Realme 6 (Comet Blue, 64 GB)","₹13,999",4.4
294,"Realme 5i (Forest Green, 64 GB)","₹9,999",4.4
295,"Realme 5i (Aqua Blue, 128 GB)","₹10,999",4.4
296,"Realme 5i (Aqua Blue, 64 GB)","₹9,999",4.4
297,"Realme 5s (Crystal Blue, 64 GB)","₹10,999",4.4
298,"Realme 6 (Comet White, 64 GB)","₹13,999",4.4
299,"Realme C2 (Diamond Black, 32 GB)","₹6,499",4.4
300,"Realme C2 (Diamond Black, 32 GB)","₹7,499",4.3
301,"Realme C2 (Diamond Blue, 32 GB)","₹6,499",4.4
302,"Realme 5s (Crystal Blue, 128 GB)","₹11,999",4.4
303,"Realme 5s (Crystal Purple, 64 GB)","₹10,999",4.4
304,"Vivo U10 (Electric Blue, 32 GB)","₹9,990",4.4
305,"Realme C3 (Frozen Blue, 64 GB)","₹8,499",4.4
306,"Realme 6 Pro (Lightning Blue, 64 GB)","₹17,999",4.6
307,"Realme C2 (Diamond Ruby, 32 GB)","₹7,499",4.3
308,"Realme C2 (Diamond Sapphire, 32 GB)","₹7,499",4.3
309,"POCO X2 (Matrix Purple, 128 GB)","₹17,999",4.6
310,"Realme 6 Pro (Lightning Blue, 128 GB)","₹19,999",4.5
311,"Realme 6 Pro (Lightning Blue, 128 GB)","₹18,999",4.6
312,"Realme 5i (Forest Green, 128 GB)","₹10,999",4.4
313,"Redmi 8 (Ruby Red, 64 GB)","₹8,999",4.4
314,"Realme C3 (Blazing Red, 32 GB)","₹7,499",4.4
315,"Realme C3 (Frozen Blue, 32 GB)","₹7,499",4.4
316,"Redmi 8 (Onyx Black, 64 GB)","₹8,999",4.4
317,"Realme 6 (Comet Blue, 64 GB)","₹13,999",4.4
318,"Realme 5i (Forest Green, 64 GB)","₹9,999",4.4
319,"Realme 5i (Aqua Blue, 128 GB)","₹10,999",4.4
320,"Realme 5i (Aqua Blue, 64 GB)","₹9,999",4.4
321,"Realme 5s (Crystal Blue, 64 GB)","₹10,999",4.4
322,"Realme 6 (Comet White, 64 GB)","₹13,999",4.4
323,"Realme C2 (Diamond Black, 32 GB)","₹6,499",4.4
324,"Realme C2 (Diamond Black, 32 GB)","₹7,499",4.3
325,"Realme C2 (Diamond Blue, 32 GB)","₹6,499",4.4
326,"Realme 5s (Crystal Blue, 128 GB)","₹11,999",4.4
327,"Realme 5s (Crystal Purple, 64 GB)","₹10,999",4.4
328,"Vivo U10 (Electric Blue, 32 GB)","₹9,990",4.4
329,"Realme C3 (Frozen Blue, 64 GB)","₹8,499",4.4
330,"Realme 6 Pro (Lightning Blue, 64 GB)","₹17,999",4.6
331,"Realme C2 (Diamond Ruby, 32 GB)","₹7,499",4.3
332,"Realme C2 (Diamond Sapphire, 32 GB)","₹7,499",4.3
333,"POCO X2 (Matrix Purple, 128 GB)","₹17,999",4.6
334,"Realme 6 Pro (Lightning Blue, 128 GB)","₹19,999",4.5
335,"Realme 6 Pro (Lightning Blue, 128 GB)","₹18,999",4.6
336,"Realme 5i (Forest Green, 128 GB)","₹10,999",4.4
337,"Redmi 8 (Ruby Red, 64 GB)","₹8,999",4.4
338,"Realme C3 (Blazing Red, 32 GB)","₹7,499",4.4
339,"Realme C3 (Frozen Blue, 32 GB)","₹7,499",4.4
340,"Redmi 8 (Onyx Black, 64 GB)","₹8,999",4.4
341,"Realme 6 (Comet Blue, 64 GB)","₹13,999",4.4
342,"Realme 5i (Forest Green, 64 GB)","₹9,999",4.4
343,"Realme 5i (Aqua Blue, 128 GB)","₹10,999",4.4
344,"Realme 5i (Aqua Blue, 64 GB)","₹9,999",4.4
345,"Realme 5s (Crystal Blue, 64 GB)","₹10,999",4.4
346,"Realme 6 (Comet White, 64 GB)","₹13,999",4.4
347,"Realme C2 (Diamond Black, 32 GB)","₹6,499",4.4
348,"Realme C2 (Diamond Black, 32 GB)","₹7,499",4.3
349,"Realme C2 (Diamond Blue, 32 GB)","₹6,499",4.4
350,"Realme 5s (Crystal Blue, 128 GB)","₹11,999",4.4
351,"Realme 5s (Crystal Purple, 64 GB)","₹10,999",4.4
352,"Vivo U10 (Electric Blue, 32 GB)","₹9,990",4.4
353,"Realme C3 (Frozen Blue, 64 GB)","₹8,499",4.4
354,"Realme 6 Pro (Lightning Blue, 64 GB)","₹17,999",4.6
355,"Realme C2 (Diamond Ruby, 32 GB)","₹7,499",4.3
356,"Realme C2 (Diamond Sapphire, 32 GB)","₹7,499",4.3
357,"POCO X2 (Matrix Purple, 128 GB)","₹17,999",4.6
358,"Realme 6 Pro (Lightning Blue, 128 GB)","₹19,999",4.5
359,"Realme 6 Pro (Lightning Blue, 128 GB)","₹18,999",4.6
360,"Realme 5i (Forest Green, 128 GB)","₹10,999",4.4
361,"Redmi 8 (Ruby Red, 64 GB)","₹8,999",4.4
362,"Realme C3 (Blazing Red, 32 GB)","₹7,499",4.4
363,"Realme C3 (Frozen Blue, 32 GB)","₹7,499",4.4
364,"Redmi 8 (Onyx Black, 64 GB)","₹8,999",4.4
365,"Realme 6 (Comet Blue, 64 GB)","₹13,999",4.4
366,"Realme 5i (Forest Green, 64 GB)","₹9,999",4.4
367,"Realme 5i (Aqua Blue, 128 GB)","₹10,999",4.4
368,"Realme 5i (Aqua Blue, 64 GB)","₹9,999",4.4
369,"Realme 5s (Crystal Blue, 64 GB)","₹10,999",4.4
370,"Realme 6 (Comet White, 64 GB)","₹13,999",4.4
371,"Realme C2 (Diamond Black, 32 GB)","₹6,499",4.4
372,"Realme C2 (Diamond Black, 32 GB)","₹7,499",4.3
373,"Realme C2 (Diamond Blue, 32 GB)","₹6,499",4.4
374,"Realme 5s (Crystal Blue, 128 GB)","₹11,999",4.4
375,"Realme 5s (Crystal Purple, 64 GB)","₹10,999",4.4
376,"Vivo U10 (Electric Blue, 32 GB)","₹9,990",4.4
377,"Realme C3 (Frozen Blue, 64 GB)","₹8,499",4.4
378,"Realme 6 Pro (Lightning Blue, 64 GB)","₹17,999",4.6
379,"Realme C2 (Diamond Ruby, 32 GB)","₹7,499",4.3
380,"Realme C2 (Diamond Sapphire, 32 GB)","₹7,499",4.3
381,"POCO X2 (Matrix Purple, 128 GB)","₹17,999",4.6
382,"Realme 6 Pro (Lightning Blue, 128 GB)","₹19,999",4.5
383,"Realme 6 Pro (Lightning Blue, 128 GB)","₹18,999",4.6
384,"Realme 5i (Forest Green, 128 GB)","₹10,999",4.4
385,"Redmi 8 (Ruby Red, 64 GB)","₹8,999",4.4
386,"Realme C3 (Blazing Red, 32 GB)","₹7,499",4.4
387,"Realme C3 (Frozen Blue, 32 GB)","₹7,499",4.4
388,"Redmi 8 (Onyx Black, 64 GB)","₹8,999",4.4
389,"Realme 6 (Comet Blue, 64 GB)","₹13,999",4.4
390,"Realme 5i (Forest Green, 64 GB)","₹9,999",4.4
391,"Realme 5i (Aqua Blue, 128 GB)","₹10,999",4.4
392,"Realme 5i (Aqua Blue, 64 GB)","₹9,999",4.4
393,"Realme 5s (Crystal Blue, 64 GB)","₹10,999",4.4
394,"Realme 6 (Comet White, 64 GB)","₹13,999",4.4
395,"Realme C2 (Diamond Black, 32 GB)","₹6,499",4.4
396,"Realme C2 (Diamond Black, 32 GB)","₹7,499",4.3
397,"Realme C2 (Diamond Blue, 32 GB)","₹6,499",4.4
398,"Realme 5s (Crystal Blue, 128 GB)","₹11,999",4.4
399,"Realme 5s (Crystal Purple, 64 GB)","₹10,999",4.4
400,"Vivo U10 (Electric Blue, 32 GB)","₹9,990",4.4
401,"Realme C3 (Frozen Blue, 64 GB)","₹8,499",4.4
402,"Realme 6 Pro (Lightning Blue, 64 GB)","₹17,999",4.6
403,"Realme C2 (Diamond Ruby, 32 GB)","₹7,499",4.3
404,"Realme C2 (Diamond Sapphire, 32 GB)","₹7,499",4.3
405,"POCO X2 (Matrix Purple, 128 GB)","₹17,999",4.6
406,"Realme 6 Pro (Lightning Blue, 128 GB)","₹19,999",4.5
407,"Realme 6 Pro (Lightning Blue, 128 GB)","₹18,999",4.6
408,"Realme 5i (Forest Green, 128 GB)","₹10,999",4.4
409,"Redmi 8 (Ruby Red, 64 GB)","₹8,999",4.4
410,"Realme C3 (Blazing Red, 32 GB)","₹7,499",4.4
411,"Realme C3 (Frozen Blue, 32 GB)","₹7,499",4.4
412,"Redmi 8 (Onyx Black, 64 GB)","₹8,999",4.4
413,"Realme 6 (Comet Blue, 64 GB)","₹13,999",4.4
414,"Realme 5i (Forest Green, 64 GB)","₹9,999",4.4
415,"Realme 5i (Aqua Blue, 128 GB)","₹10,999",4.4
416,"Realme 5i (Aqua Blue, 64 GB)","₹9,999",4.4
417,"Realme 5s (Crystal Blue, 64 GB)","₹10,999",4.4
418,"Realme 6 (Comet White, 64 GB)","₹13,999",4.4
419,"Realme C2 (Diamond Black, 32 GB)","₹6,499",4.4
420,"Realme C2 (Diamond Black, 32 GB)","₹7,499",4.3
421,"Realme C2 (Diamond Blue, 32 GB)","₹6,499",4.4
422,"Realme 5s (Crystal Blue, 128 GB)","₹11,999",4.4
423,"Realme 5s (Crystal Purple, 64 GB)","₹10,999",4.4
424,"Vivo U10 (Electric Blue, 32 GB)","₹9,990",4.4
425,"Realme C3 (Frozen Blue, 64 GB)","₹8,499",4.4
426,"Realme 6 Pro (Lightning Blue, 64 GB)","₹17,999",4.6
427,"Realme C2 (Diamond Ruby, 32 GB)","₹7,499",4.3
428,"Realme C2 (Diamond Sapphire, 32 GB)","₹7,499",4.3
429,"POCO X2 (Matrix Purple, 128 GB)","₹17,999",4.6
430,"Realme 6 Pro (Lightning Blue, 128 GB)","₹19,999",4.5
431,"Realme 6 Pro (Lightning Blue, 128 GB)","₹18,999",4.6
432,"Realme 5i (Forest Green, 128 GB)","₹10,999",4.4
433,"Redmi 8 (Ruby Red, 64 GB)","₹8,999",4.4
434,"Realme C3 (Blazing Red, 32 GB)","₹7,499",4.4
435,"Realme C3 (Frozen Blue, 32 GB)","₹7,499",4.4
436,"Redmi 8 (Onyx Black, 64 GB)","₹8,999",4.4
437,"Realme 6 (Comet Blue, 64 GB)","₹13,999",4.4
438,"Realme 5i (Forest Green, 64 GB)","₹9,999",4.4
439,"Realme 5i (Aqua Blue, 128 GB)","₹10,999",4.4
440,"Realme 5i (Aqua Blue, 64 GB)","₹9,999",4.4
441,"Realme 5s (Crystal Blue, 64 GB)","₹10,999",4.4
442,"Realme 6 (Comet White, 64 GB)","₹13,999",4.4
443,"Realme C2 (Diamond Black, 32 GB)","₹6,499",4.4
444,"Realme C2 (Diamond Black, 32 GB)","₹7,499",4.3
445,"Realme C2 (Diamond Blue, 32 GB)","₹6,499",4.4
446,"Realme 5s (Crystal Blue, 128 GB)","₹11,999",4.4
447,"Realme 5s (Crystal Purple, 64 GB)","₹10,999",4.4
448,"Vivo U10 (Electric Blue, 32 GB)","₹9,990",4.4
449,"Realme C3 (Frozen Blue, 64 GB)","₹8,499",4.4
450,"Realme 6 Pro (Lightning Blue, 64 GB)","₹17,999",4.6
451,"Realme C2 (Diamond Ruby, 32 GB)","₹7,499",4.3
452,"Realme C2 (Diamond Sapphire, 32 GB)","₹7,499",4.3
453,"POCO X2 (Matrix Purple, 128 GB)","₹17,999",4.6
454,"Realme 6 Pro (Lightning Blue, 128 GB)","₹19,999",4.5
455,"Realme 6 Pro (Lightning Blue, 128 GB)","₹18,999",4.6
456,"Realme 5i (Forest Green, 128 GB)","₹10,999",4.4
457,"Redmi 8 (Ruby Red, 64 GB)","₹8,999",4.4
458,"Realme C3 (Blazing Red, 32 GB)","₹7,499",4.4
459,"Realme C3 (Frozen Blue, 32 GB)","₹7,499",4.4
460,"Redmi 8 (Onyx Black, 64 GB)","₹8,999",4.4
461,"Realme 6 (Comet Blue, 64 GB)","₹13,999",4.4
462,"Realme 5i (Forest Green, 64 GB)","₹9,999",4.4
463,"Realme 5i (Aqua Blue, 128 GB)","₹10,999",4.4
464,"Realme 5i (Aqua Blue, 64 GB)","₹9,999",4.4
465,"Realme 5s (Crystal Blue, 64 GB)","₹10,999",4.4
466,"Realme 6 (Comet White, 64 GB)","₹13,999",4.4
467,"Realme C2 (Diamond Black, 32 GB)","₹6,499",4.4
468,"Realme C2 (Diamond Black, 32 GB)","₹7,499",4.3
469,"Realme C2 (Diamond Blue, 32 GB)","₹6,499",4.4
470,"Realme 5s (Crystal Blue, 128 GB)","₹11,999",4.4
471,"Realme 5s (Crystal Purple, 64 GB)","₹10,999",4.4
472,"Vivo U10 (Electric Blue, 32 GB)","₹9,990",4.4
473,"Realme C3 (Frozen Blue, 64 GB)","₹8,499",4.4
474,"Realme 6 Pro (Lightning Blue, 64 GB)","₹17,999",4.6
475,"Realme C2 (Diamond Ruby, 32 GB)","₹7,499",4.3
476,"Realme C2 (Diamond Sapphire, 32 GB)","₹7,499",4.3
477,"POCO X2 (Matrix Purple, 128 GB)","₹17,999",4.6
478,"Realme 6 Pro (Lightning Blue, 128 GB)","₹19,999",4.5
479,"Realme 6 Pro (Lightning Blue, 128 GB)","₹18,999",4.6
480,"Realme 5i (Forest Green, 128 GB)","₹10,999",4.4
481,"Redmi 8 (Ruby Red, 64 GB)","₹8,999",4.4
482,"Realme C3 (Blazing Red, 32 GB)","₹7,499",4.4
483,"Realme C3 (Frozen Blue, 32 GB)","₹7,499",4.4
484,"Redmi 8 (Onyx Black, 64 GB)","₹8,999",4.4
485,"Realme 6 (Comet Blue, 64 GB)","₹13,999",4.4
486,"Realme 5i (Forest Green, 64 GB)","₹9,999",4.4
487,"Realme 5i (Aqua Blue, 128 GB)","₹10,999",4.4
488,"Realme 5i (Aqua Blue, 64 GB)","₹9,999",4.4
489,"Realme 5s (Crystal Blue, 64 GB)","₹10,999",4.4
490,"Realme 6 (Comet White, 64 GB)","₹13,999",4.4
491,"Realme C2 (Diamond Black, 32 GB)","₹6,499",4.4
492,"Realme C2 (Diamond Black, 32 GB)","₹7,499",4.3
493,"Realme C2 (Diamond Blue, 32 GB)","₹6,499",4.4
494,"Realme 5s (Crystal Blue, 128 GB)","₹11,999",4.4
495,"Realme 5s (Crystal Purple, 64 GB)","₹10,999",4.4
496,"Vivo U10 (Electric Blue, 32 GB)","₹9,990",4.4
497,"Realme C3 (Frozen Blue, 64 GB)","₹8,499",4.4
498,"Realme 6 Pro (Lightning Blue, 64 GB)","₹17,999",4.6
499,"Realme C2 (Diamond Ruby, 32 GB)","₹7,499",4.3
500,"Realme C2 (Diamond Sapphire, 32 GB)","₹7,499",4.3
501,"POCO X2 (Matrix Purple, 128 GB)","₹17,999",4.6
502,"Realme 6 Pro (Lightning Blue, 128 GB)","₹19,999",4.5
503,"Realme 6 Pro (Lightning Blue, 128 GB)","₹18,999",4.6
504,"Realme 5i (Forest Green, 128 GB)","₹10,999",4.4
505,"Redmi 8 (Ruby Red, 64 GB)","₹8,999",4.4
506,"Realme C3 (Blazing Red, 32 GB)","₹7,499",4.4
507,"Realme C3 (Frozen Blue, 32 GB)","₹7,499",4.4
508,"Redmi 8 (Onyx Black, 64 GB)","₹8,999",4.4
509,"Realme 6 (Comet Blue, 64 GB)","₹13,999",4.4
510,"Realme 5i (Forest Green, 64 GB)","₹9,999",4.4
511,"Realme 5i (Aqua Blue, 128 GB)","₹10,999",4.4
512,"Realme 5i (Aqua Blue, 64 GB)","₹9,999",4.4
513,"Realme 5s (Crystal Blue, 64 GB)","₹10,999",4.4
514,"Realme 6 (Comet White, 64 GB)","₹13,999",4.4
515,"Realme C2 (Diamond Black, 32 GB)","₹6,499",4.4
516,"Realme C2 (Diamond Black, 32 GB)","₹7,499",4.3
517,"Realme C2 (Diamond Blue, 32 GB)","₹6,499",4.4
518,"Realme 5s (Crystal Blue, 128 GB)","₹11,999",4.4
519,"Realme 5s (Crystal Purple, 64 GB)","₹10,999",4.4
520,"Vivo U10 (Electric Blue, 32 GB)","₹9,990",4.4
521,"Realme C3 (Frozen Blue, 64 GB)","₹8,499",4.4
522,"Realme 6 Pro (Lightning Blue, 64 GB)","₹17,999",4.6
523,"Realme C2 (Diamond Ruby, 32 GB)","₹7,499",4.3
524,"Realme C2 (Diamond Sapphire, 32 GB)","₹7,499",4.3
525,"POCO X2 (Matrix Purple, 128 GB)","₹17,999",4.6
526,"Realme 6 Pro (Lightning Blue, 128 GB)","₹19,999",4.5
527,"Realme 6 Pro (Lightning Blue, 128 GB)","₹18,999",4.6
528,"Realme 5i (Forest Green, 128 GB)","₹10,999",4.4
529,"Redmi 8 (Ruby Red, 64 GB)","₹8,999",4.4
530,"Realme C3 (Blazing Red, 32 GB)","₹7,499",4.4
531,"Realme C3 (Frozen Blue, 32 GB)","₹7,499",4.4
532,"Redmi 8 (Onyx Black, 64 GB)","₹8,999",4.4
533,"Realme 6 (Comet Blue, 64 GB)","₹13,999",4.4
534,"Realme 5i (Forest Green, 64 GB)","₹9,999",4.4
535,"Realme 5i (Aqua Blue, 128 GB)","₹10,999",4.4
536,"Realme 5i (Aqua Blue, 64 GB)","₹9,999",4.4
537,"Realme 5s (Crystal Blue, 64 GB)","₹10,999",4.4
538,"Realme 6 (Comet White, 64 GB)","₹13,999",4.4
539,"Realme C2 (Diamond Black, 32 GB)","₹6,499",4.4
540,"Realme C2 (Diamond Black, 32 GB)","₹7,499",4.3
541,"Realme C2 (Diamond Blue, 32 GB)","₹6,499",4.4
542,"Realme 5s (Crystal Blue, 128 GB)","₹11,999",4.4
543,"Realme 5s (Crystal Purple, 64 GB)","₹10,999",4.4
544,"Vivo U10 (Electric Blue, 32 GB)","₹9,990",4.4
545,"Realme C3 (Frozen Blue, 64 GB)","₹8,499",4.4
546,"Realme 6 Pro (Lightning Blue, 64 GB)","₹17,999",4.6
547,"Realme C2 (Diamond Ruby, 32 GB)","₹7,499",4.3
548,"Realme C2 (Diamond Sapphire, 32 GB)","₹7,499",4.3
549,"POCO X2 (Matrix Purple, 128 GB)","₹17,999",4.6
550,"Realme 6 Pro (Lightning Blue, 128 GB)","₹19,999",4.5
551,"Realme 6 Pro (Lightning Blue, 128 GB)","₹18,999",4.6
552,"Realme 5i (Forest Green, 128 GB)","₹10,999",4.4
553,"Redmi 8 (Ruby Red, 64 GB)","₹8,999",4.4
554,"Realme C3 (Blazing Red, 32 GB)","₹7,499",4.4
555,"Realme C3 (Frozen Blue, 32 GB)","₹7,499",4.4
556,"Redmi 8 (Onyx Black, 64 GB)","₹8,999",4.4
557,"Realme 6 (Comet Blue, 64 GB)","₹13,999",4.4
558,"Realme 5i (Forest Green, 64 GB)","₹9,999",4.4
559,"Realme 5i (Aqua Blue, 128 GB)","₹10,999",4.4
560,"Realme 5i (Aqua Blue, 64 GB)","₹9,999",4.4
561,"Realme 5s (Crystal Blue, 64 GB)","₹10,999",4.4
562,"Realme 6 (Comet White, 64 GB)","₹13,999",4.4
563,"Realme C2 (Diamond Black, 32 GB)","₹6,499",4.4
564,"Realme C2 (Diamond Black, 32 GB)","₹7,499",4.3
565,"Realme C2 (Diamond Blue, 32 GB)","₹6,499",4.4
566,"Realme 5s (Crystal Blue, 128 GB)","₹11,999",4.4
567,"Realme 5s (Crystal Purple, 64 GB)","₹10,999",4.4
568,"Vivo U10 (Electric Blue, 32 GB)","₹9,990",4.4
569,"Realme C3 (Frozen Blue, 64 GB)","₹8,499",4.4
570,"Realme 6 Pro (Lightning Blue, 64 GB)","₹17,999",4.6
571,"Realme C2 (Diamond Ruby, 32 GB)","₹7,499",4.3
572,"Realme C2 (Diamond Sapphire, 32 GB)","₹7,499",4.3
573,"POCO X2 (Matrix Purple, 128 GB)","₹17,999",4.6
574,"Realme 6 Pro (Lightning Blue, 128 GB)","₹19,999",4.5
575,"Realme 6 Pro (Lightning Blue, 128 GB)","₹18,999",4.6
576,"Realme 5i (Forest Green, 128 GB)","₹10,999",4.4
577,"Redmi 8 (Ruby Red, 64 GB)","₹8,999",4.4
578,"Realme C3 (Blazing Red, 32 GB)","₹7,499",4.4
579,"Realme C3 (Frozen Blue, 32 GB)","₹7,499",4.4
580,"Redmi 8 (Onyx Black, 64 GB)","₹8,999",4.4
581,"Realme 6 (Comet Blue, 64 GB)","₹13,999",4.4
582,"Realme 5i (Forest Green, 64 GB)","₹9,999",4.4
583,"Realme 5i (Aqua Blue, 128 GB)","₹10,999",4.4
584,"Realme 5i (Aqua Blue, 64 GB)","₹9,999",4.4
585,"Realme 5s (Crystal Blue, 64 GB)","₹10,999",4.4
586,"Realme 6 (Comet White, 64 GB)","₹13,999",4.4
587,"Realme C2 (Diamond Black, 32 GB)","₹6,499",4.4
588,"Realme C2 (Diamond Black, 32 GB)","₹7,499",4.3
589,"Realme C2 (Diamond Blue, 32 GB)","₹6,499",4.4
590,"Realme 5s (Crystal Blue, 128 GB)","₹11,999",4.4
591,"Realme 5s (Crystal Purple, 64 GB)","₹10,999",4.4
592,"Vivo U10 (Electric Blue, 32 GB)","₹9,990",4.4
593,"Realme C3 (Frozen Blue, 64 GB)","₹8,499",4.4
594,"Realme 6 Pro (Lightning Blue, 64 GB)","₹17,999",4.6
595,"Realme C2 (Diamond Ruby, 32 GB)","₹7,499",4.3
596,"Realme C2 (Diamond Sapphire, 32 GB)","₹7,499",4.3
597,"POCO X2 (Matrix Purple, 128 GB)","₹17,999",4.6
598,"Realme 6 Pro (Lightning Blue, 128 GB)","₹19,999",4.5
599,"Realme 6 Pro (Lightning Blue, 128 GB)","₹18,999",4.6
600,"Realme 5i (Forest Green, 128 GB)","₹10,999",4.4
601,"Redmi 8 (Ruby Red, 64 GB)","₹8,999",4.4
602,"Realme C3 (Blazing Red, 32 GB)","₹7,499",4.4
603,"Realme C3 (Frozen Blue, 32 GB)","₹7,499",4.4
604,"Redmi 8 (Onyx Black, 64 GB)","₹8,999",4.4
605,"Realme 6 (Comet Blue, 64 GB)","₹13,999",4.4
606,"Realme 5i (Forest Green, 64 GB)","₹9,999",4.4
607,"Realme 5i (Aqua Blue, 128 GB)","₹10,999",4.4
608,"Realme 5i (Aqua Blue, 64 GB)","₹9,999",4.4
609,"Realme 5s (Crystal Blue, 64 GB)","₹10,999",4.4
610,"Realme 6 (Comet White, 64 GB)","₹13,999",4.4
611,"Realme C2 (Diamond Black, 32 GB)","₹6,499",4.4
612,"Realme C2 (Diamond Black, 32 GB)","₹7,499",4.3
613,"Realme C2 (Diamond Blue, 32 GB)","₹6,499",4.4
614,"Realme 5s (Crystal Blue, 128 GB)","₹11,999",4.4
615,"Realme 5s (Crystal Purple, 64 GB)","₹10,999",4.4
616,"Vivo U10 (Electric Blue, 32 GB)","₹9,990",4.4
617,"Realme C3 (Frozen Blue, 64 GB)","₹8,499",4.4
618,"Realme 6 Pro (Lightning Blue, 64 GB)","₹17,999",4.6
619,"Realme C2 (Diamond Ruby, 32 GB)","₹7,499",4.3
620,"Realme C2 (Diamond Sapphire, 32 GB)","₹7,499",4.3
621,"POCO X2 (Matrix Purple, 128 GB)","₹17,999",4.6
622,"Realme 6 Pro (Lightning Blue, 128 GB)","₹19,999",4.5
623,"Realme 6 Pro (Lightning Blue, 128 GB)","₹18,999",4.6
624,"Realme 5i (Forest Green, 128 GB)","₹10,999",4.4
625,"Redmi 8 (Ruby Red, 64 GB)","₹8,999",4.4
626,"Realme C3 (Blazing Red, 32 GB)","₹7,499",4.4
627,"Realme C3 (Frozen Blue, 32 GB)","₹7,499",4.4
628,"Redmi 8 (Onyx Black, 64 GB)","₹8,999",4.4
629,"Realme 6 (Comet Blue, 64 GB)","₹13,999",4.4
630,"Realme 5i (Forest Green, 64 GB)","₹9,999",4.4
631,"Realme 5i (Aqua Blue, 128 GB)","₹10,999",4.4
632,"Realme 5i (Aqua Blue, 64 GB)","₹9,999",4.4
633,"Realme 5s (Crystal Blue, 64 GB)","₹10,999",4.4
634,"Realme 6 (Comet White, 64 GB)","₹13,999",4.4
635,"Realme C2 (Diamond Black, 32 GB)","₹6,499",4.4
636,"Realme C2 (Diamond Black, 32 GB)","₹7,499",4.3
637,"Realme C2 (Diamond Blue, 32 GB)","₹6,499",4.4
638,"Realme 5s (Crystal Blue, 128 GB)","₹11,999",4.4
639,"Realme 5s (Crystal Purple, 64 GB)","₹10,999",4.4
640,"Vivo U10 (Electric Blue, 32 GB)","₹9,990",4.4
641,"Realme C3 (Frozen Blue, 64 GB)","₹8,499",4.4
642,"Realme 6 Pro (Lightning Blue, 64 GB)","₹17,999",4.6
643,"Realme C2 (Diamond Ruby, 32 GB)","₹7,499",4.3
644,"Realme C2 (Diamond Sapphire, 32 GB)","₹7,499",4.3
645,"POCO X2 (Matrix Purple, 128 GB)","₹17,999",4.6
646,"Realme 6 Pro (Lightning Blue, 128 GB)","₹19,999",4.5
647,"Realme 6 Pro (Lightning Blue, 128 GB)","₹18,999",4.6
648,"Realme 5i (Forest Green, 128 GB)","₹10,999",4.4
649,"Redmi 8 (Ruby Red, 64 GB)","₹8,999",4.4
650,"Realme C3 (Blazing Red, 32 GB)","₹7,499",4.4
651,"Realme C3 (Frozen Blue, 32 GB)","₹7,499",4.4
652,"Redmi 8 (Onyx Black, 64 GB)","₹8,999",4.4
653,"Realme 6 (Comet Blue, 64 GB)","₹13,999",4.4
654,"Realme 5i (Forest Green, 64 GB)","₹9,999",4.4
655,"Realme 5i (Aqua Blue, 128 GB)","₹10,999",4.4
656,"Realme 5i (Aqua Blue, 64 GB)","₹9,999",4.4
657,"Realme 5s (Crystal Blue, 64 GB)","₹10,999",4.4
658,"Realme 6 (Comet White, 64 GB)","₹13,999",4.4
659,"Realme C2 (Diamond Black, 32 GB)","₹6,499",4.4
660,"Realme C2 (Diamond Black, 32 GB)","₹7,499",4.3
661,"Realme C2 (Diamond Blue, 32 GB)","₹6,499",4.4
662,"Realme 5s (Crystal Blue, 128 GB)","₹11,999",4.4
663,"Realme 5s (Crystal Purple, 64 GB)","₹10,999",4.4
664,"Vivo U10 (Electric Blue, 32 GB)","₹9,990",4.4
665,"Realme C3 (Frozen Blue, 64 GB)","₹8,499",4.4
666,"Realme 6 Pro (Lightning Blue, 64 GB)","₹17,999",4.6
667,"Realme C2 (Diamond Ruby, 32 GB)","₹7,499",4.3
668,"Realme C2 (Diamond Sapphire, 32 GB)","₹7,499",4.3
669,"POCO X2 (Matrix Purple, 128 GB)","₹17,999",4.6
670,"Realme 6 Pro (Lightning Blue, 128 GB)","₹19,999",4.5
671,"Realme 6 Pro (Lightning Blue, 128 GB)","₹18,999",4.6
672,"Realme 5i (Forest Green, 128 GB)","₹10,999",4.4
673,"Redmi 8 (Ruby Red, 64 GB)","₹8,999",4.4
674,"Realme C3 (Blazing Red, 32 GB)","₹7,499",4.4
675,"Realme C3 (Frozen Blue, 32 GB)","₹7,499",4.4
676,"Redmi 8 (Onyx Black, 64 GB)","₹8,999",4.4
677,"Realme 6 (Comet Blue, 64 GB)","₹13,999",4.4
678,"Realme 5i (Forest Green, 64 GB)","₹9,999",4.4
679,"Realme 5i (Aqua Blue, 128 GB)","₹10,999",4.4
680,"Realme 5i (Aqua Blue, 64 GB)","₹9,999",4.4
681,"Realme 5s (Crystal Blue, 64 GB)","₹10,999",4.4
682,"Realme 6 (Comet White, 64 GB)","₹13,999",4.4
683,"Realme C2 (Diamond Black, 32 GB)","₹6,499",4.4
684,"Realme C2 (Diamond Black, 32 GB)","₹7,499",4.3
685,"Realme C2 (Diamond Blue, 32 GB)","₹6,499",4.4
686,"Realme 5s (Crystal Blue, 128 GB)","₹11,999",4.4
687,"Realme 5s (Crystal Purple, 64 GB)","₹10,999",4.4
688,"Vivo U10 (Electric Blue, 32 GB)","₹9,990",4.4
689,"Realme C3 (Frozen Blue, 64 GB)","₹8,499",4.4
690,"Realme 6 Pro (Lightning Blue, 64 GB)","₹17,999",4.6
691,"Realme C2 (Diamond Ruby, 32 GB)","₹7,499",4.3
692,"Realme C2 (Diamond Sapphire, 32 GB)","₹7,499",4.3
693,"POCO X2 (Matrix Purple, 128 GB)","₹17,999",4.6
694,"Realme 6 Pro (Lightning Blue, 128 GB)","₹19,999",4.5
695,"Realme 6 Pro (Lightning Blue, 128 GB)","₹18,999",4.6
696,"Realme 5i (Forest Green, 128 GB)","₹10,999",4.4
697,"Redmi 8 (Ruby Red, 64 GB)","₹8,999",4.4
698,"Realme C3 (Blazing Red, 32 GB)","₹7,499",4.4
699,"Realme C3 (Frozen Blue, 32 GB)","₹7,499",4.4
700,"Redmi 8 (Onyx Black, 64 GB)","₹8,999",4.4
701,"Realme 6 (Comet Blue, 64 GB)","₹13,999",4.4
702,"Realme 5i (Forest Green, 64 GB)","₹9,999",4.4
703,"Realme 5i (Aqua Blue, 128 GB)","₹10,999",4.4
704,"Realme 5i (Aqua Blue, 64 GB)","₹9,999",4.4
705,"Realme 5s (Crystal Blue, 64 GB)","₹10,999",4.4
706,"Realme 6 (Comet White, 64 GB)","₹13,999",4.4
707,"Realme C2 (Diamond Black, 32 GB)","₹6,499",4.4
708,"Realme C2 (Diamond Black, 32 GB)","₹7,499",4.3
709,"Realme C2 (Diamond Blue, 32 GB)","₹6,499",4.4
710,"Realme 5s (Crystal Blue, 128 GB)","₹11,999",4.4
711,"Realme 5s (Crystal Purple, 64 GB)","₹10,999",4.4
712,"Vivo U10 (Electric Blue, 32 GB)","₹9,990",4.4
713,"Realme C3 (Frozen Blue, 64 GB)","₹8,499",4.4
714,"Realme 6 Pro (Lightning Blue, 64 GB)","₹17,999",4.6
715,"Realme C2 (Diamond Ruby, 32 GB)","₹7,499",4.3
716,"Realme C2 (Diamond Sapphire, 32 GB)","₹7,499",4.3
717,"POCO X2 (Matrix Purple, 128 GB)","₹17,999",4.6
718,"Realme 6 Pro (Lightning Blue, 128 GB)","₹19,999",4.5
719,"Realme 6 Pro (Lightning Blue, 128 GB)","₹18,999",4.6
720,"Realme 5i (Forest Green, 128 GB)","₹10,999",4.4
721,"Redmi 8 (Ruby Red, 64 GB)","₹8,999",4.4
722,"Realme C3 (Blazing Red, 32 GB)","₹7,499",4.4
723,"Realme C3 (Frozen Blue, 32 GB)","₹7,499",4.4
724,"Redmi 8 (Onyx Black, 64 GB)","₹8,999",4.4
725,"Realme 6 (Comet Blue, 64 GB)","₹13,999",4.4
726,"Realme 5i (Forest Green, 64 GB)","₹9,999",4.4
727,"Realme 5i (Aqua Blue, 128 GB)","₹10,999",4.4
728,"Realme 5i (Aqua Blue, 64 GB)","₹9,999",4.4
729,"Realme 5s (Crystal Blue, 64 GB)","₹10,999",4.4
730,"Realme 6 (Comet White, 64 GB)","₹13,999",4.4
731,"Realme C2 (Diamond Black, 32 GB)","₹6,499",4.4
732,"Realme C2 (Diamond Black, 32 GB)","₹7,499",4.3
733,"Realme C2 (Diamond Blue, 32 GB)","₹6,499",4.4
734,"Realme 5s (Crystal Blue, 128 GB)","₹11,999",4.4
735,"Realme 5s (Crystal Purple, 64 GB)","₹10,999",4.4
736,"Vivo U10 (Electric Blue, 32 GB)","₹9,990",4.4
737,"Realme C3 (Frozen Blue, 64 GB)","₹8,499",4.4
738,"Realme 6 Pro (Lightning Blue, 64 GB)","₹17,999",4.6
739,"Realme C2 (Diamond Ruby, 32 GB)","₹7,499",4.3
740,"Realme C2 (Diamond Sapphire, 32 GB)","₹7,499",4.3
741,"POCO X2 (Matrix Purple, 128 GB)","₹17,999",4.6
742,"Realme 6 Pro (Lightning Blue, 128 GB)","₹19,999",4.5
743,"Realme 6 Pro (Lightning Blue, 128 GB)","₹18,999",4.6
744,"Realme 5i (Forest Green, 128 GB)","₹10,999",4.4
745,"Redmi 8 (Ruby Red, 64 GB)","₹8,999",4.4
746,"Realme C3 (Blazing Red, 32 GB)","₹7,499",4.4
747,"Realme C3 (Frozen Blue, 32 GB)","₹7,499",4.4
748,"Redmi 8 (Onyx Black, 64 GB)","₹8,999",4.4
749,"Realme 6 (Comet Blue, 64 GB)","₹13,999",4.4
750,"Realme 5i (Forest Green, 64 GB)","₹9,999",4.4
751,"Realme 5i (Aqua Blue, 128 GB)","₹10,999",4.4
752,"Realme 5i (Aqua Blue, 64 GB)","₹9,999",4.4
753,"Realme 5s (Crystal Blue, 64 GB)","₹10,999",4.4
754,"Realme 6 (Comet White, 64 GB)","₹13,999",4.4
755,"Realme C2 (Diamond Black, 32 GB)","₹6,499",4.4
756,"Realme C2 (Diamond Black, 32 GB)","₹7,499",4.3
757,"Realme C2 (Diamond Blue, 32 GB)","₹6,499",4.4
758,"Realme 5s (Crystal Blue, 128 GB)","₹11,999",4.4
759,"Realme 5s (Crystal Purple, 64 GB)","₹10,999",4.4
760,"Vivo U10 (Electric Blue, 32 GB)","₹9,990",4.4
761,"Realme C3 (Frozen Blue, 64 GB)","₹8,499",4.4
762,"Realme 6 Pro (Lightning Blue, 64 GB)","₹17,999",4.6
763,"Realme C2 (Diamond Ruby, 32 GB)","₹7,499",4.3
764,"Realme C2 (Diamond Sapphire, 32 GB)","₹7,499",4.3
765,"POCO X2 (Matrix Purple, 128 GB)","₹17,999",4.6
766,"Realme 6 Pro (Lightning Blue, 128 GB)","₹19,999",4.5
767,"Realme 6 Pro (Lightning Blue, 128 GB)","₹18,999",4.6
768,"Realme 5i (Forest Green, 128 GB)","₹10,999",4.4
769,"Redmi 8 (Ruby Red, 64 GB)","₹8,999",4.4
770,"Realme C3 (Blazing Red, 32 GB)","₹7,499",4.4
771,"Realme C3 (Frozen Blue, 32 GB)","₹7,499",4.4
772,"Redmi 8 (Onyx Black, 64 GB)","₹8,999",4.4
773,"Realme 6 (Comet Blue, 64 GB)","₹13,999",4.4
774,"Realme 5i (Forest Green, 64 GB)","₹9,999",4.4
775,"Realme 5i (Aqua Blue, 128 GB)","₹10,999",4.4
776,"Realme 5i (Aqua Blue, 64 GB)","₹9,999",4.4
777,"Realme 5s (Crystal Blue, 64 GB)","₹10,999",4.4
778,"Realme 6 (Comet White, 64 GB)","₹13,999",4.4
779,"Realme C2 (Diamond Black, 32 GB)","₹6,499",4.4
780,"Realme C2 (Diamond Black, 32 GB)","₹7,499",4.3
781,"Realme C2 (Diamond Blue, 32 GB)","₹6,499",4.4
782,"Realme 5s (Crystal Blue, 128 GB)","₹11,999",4.4
783,"Realme 5s (Crystal Purple, 64 GB)","₹10,999",4.4
784,"Vivo U10 (Electric Blue, 32 GB)","₹9,990",4.4
785,"Realme C3 (Frozen Blue, 64 GB)","₹8,499",4.4
786,"Realme 6 Pro (Lightning Blue, 64 GB)","₹17,999",4.6
787,"Realme C2 (Diamond Ruby, 32 GB)","₹7,499",4.3
788,"Realme C2 (Diamond Sapphire, 32 GB)","₹7,499",4.3
789,"POCO X2 (Matrix Purple, 128 GB)","₹17,999",4.6
790,"Realme 6 Pro (Lightning Blue, 128 GB)","₹19,999",4.5
791,"Realme 6 Pro (Lightning Blue, 128 GB)","₹18,999",4.6
792,"Realme 5i (Forest Green, 128 GB)","₹10,999",4.4
793,"Redmi 8 (Ruby Red, 64 GB)","₹8,999",4.4
794,"Realme C3 (Blazing Red, 32 GB)","₹7,499",4.4
795,"Realme C3 (Frozen Blue, 32 GB)","₹7,499",4.4
796,"Redmi 8 (Onyx Black, 64 GB)","₹8,999",4.4
797,"Realme 6 (Comet Blue, 64 GB)","₹13,999",4.4
798,"Realme 5i (Forest Green, 64 GB)","₹9,999",4.4
799,"Realme 5i (Aqua Blue, 128 GB)","₹10,999",4.4
800,"Realme 5i (Aqua Blue, 64 GB)","₹9,999",4.4
801,"Realme 5s (Crystal Blue, 64 GB)","₹10,999",4.4
802,"Realme 6 (Comet White, 64 GB)","₹13,999",4.4
803,"Realme C2 (Diamond Black, 32 GB)","₹6,499",4.4
804,"Realme C2 (Diamond Black, 32 GB)","₹7,499",4.3
805,"Realme C2 (Diamond Blue, 32 GB)","₹6,499",4.4
806,"Realme 5s (Crystal Blue, 128 GB)","₹11,999",4.4
807,"Realme 5s (Crystal Purple, 64 GB)","₹10,999",4.4
808,"Vivo U10 (Electric Blue, 32 GB)","₹9,990",4.4
809,"Realme C3 (Frozen Blue, 64 GB)","₹8,499",4.4
810,"Realme 6 Pro (Lightning Blue, 64 GB)","₹17,999",4.6
811,"Realme C2 (Diamond Ruby, 32 GB)","₹7,499",4.3
812,"Realme C2 (Diamond Sapphire, 32 GB)","₹7,499",4.3
813,"POCO X2 (Matrix Purple, 128 GB)","₹17,999",4.6
814,"Realme 6 Pro (Lightning Blue, 128 GB)","₹19,999",4.5
815,"Realme 6 Pro (Lightning Blue, 128 GB)","₹18,999",4.6
816,"Realme 5i (Forest Green, 128 GB)","₹10,999",4.4
817,"Redmi 8 (Ruby Red, 64 GB)","₹8,999",4.4
818,"Realme C3 (Blazing Red, 32 GB)","₹7,499",4.4
819,"Realme C3 (Frozen Blue, 32 GB)","₹7,499",4.4
820,"Redmi 8 (Onyx Black, 64 GB)","₹8,999",4.4
821,"Realme 6 (Comet Blue, 64 GB)","₹13,999",4.4
822,"Realme 5i (Forest Green, 64 GB)","₹9,999",4.4
823,"Realme 5i (Aqua Blue, 128 GB)","₹10,999",4.4
824,"Realme 5i (Aqua Blue, 64 GB)","₹9,999",4.4
825,"Realme 5s (Crystal Blue, 64 GB)","₹10,999",4.4
826,"Realme 6 (Comet White, 64 GB)","₹13,999",4.4
827,"Realme C2 (Diamond Black, 32 GB)","₹6,499",4.4
828,"Realme C2 (Diamond Black, 32 GB)","₹7,499",4.3
829,"Realme C2 (Diamond Blue, 32 GB)","₹6,499",4.4
830,"Realme 5s (Crystal Blue, 128 GB)","₹11,999",4.4
831,"Realme 5s (Crystal Purple, 64 GB)","₹10,999",4.4
832,"Vivo U10 (Electric Blue, 32 GB)","₹9,990",4.4
833,"Realme C3 (Frozen Blue, 64 GB)","₹8,499",4.4
834,"Realme 6 Pro (Lightning Blue, 64 GB)","₹17,999",4.6
835,"Realme C2 (Diamond Ruby, 32 GB)","₹7,499",4.3
836,"Realme C2 (Diamond Sapphire, 32 GB)","₹7,499",4.3
837,"POCO X2 (Matrix Purple, 128 GB)","₹17,999",4.6
838,"Realme 6 Pro (Lightning Blue, 128 GB)","₹19,999",4.5
839,"Realme 6 Pro (Lightning Blue, 128 GB)","₹18,999",4.6
840,"Realme 5i (Forest Green, 128 GB)","₹10,999",4.4
841,"Redmi 8 (Ruby Red, 64 GB)","₹8,999",4.4
842,"Realme C3 (Blazing Red, 32 GB)","₹7,499",4.4
843,"Realme C3 (Frozen Blue, 32 GB)","₹7,499",4.4
844,"Redmi 8 (Onyx Black, 64 GB)","₹8,999",4.4
845,"Realme 6 (Comet Blue, 64 GB)","₹13,999",4.4
846,"Realme 5i (Forest Green, 64 GB)","₹9,999",4.4
847,"Realme 5i (Aqua Blue, 128 GB)","₹10,999",4.4
848,"Realme 5i (Aqua Blue, 64 GB)","₹9,999",4.4
849,"Realme 5s (Crystal Blue, 64 GB)","₹10,999",4.4
850,"Realme 6 (Comet White, 64 GB)","₹13,999",4.4
851,"Realme C2 (Diamond Black, 32 GB)","₹6,499",4.4
852,"Realme C2 (Diamond Black, 32 GB)","₹7,499",4.3
853,"Realme C2 (Diamond Blue, 32 GB)","₹6,499",4.4
854,"Realme 5s (Crystal Blue, 128 GB)","₹11,999",4.4
855,"Realme 5s (Crystal Purple, 64 GB)","₹10,999",4.4
856,"Vivo U10 (Electric Blue, 32 GB)","₹9,990",4.4
857,"Realme C3 (Frozen Blue, 64 GB)","₹8,499",4.4
858,"Realme 6 Pro (Lightning Blue, 64 GB)","₹17,999",4.6
859,"Realme C2 (Diamond Ruby, 32 GB)","₹7,499",4.3
860,"Realme C2 (Diamond Sapphire, 32 GB)","₹7,499",4.3
861,"POCO X2 (Matrix Purple, 128 GB)","₹17,999",4.6
862,"Realme 6 Pro (Lightning Blue, 128 GB)","₹19,999",4.5
863,"Realme 6 Pro (Lightning Blue, 128 GB)","₹18,999",4.6
864,"Realme 5i (Forest Green, 128 GB)","₹10,999",4.4
865,"Redmi 8 (Ruby Red, 64 GB)","₹8,999",4.4
866,"Realme C3 (Blazing Red, 32 GB)","₹7,499",4.4
867,"Realme C3 (Frozen Blue, 32 GB)","₹7,499",4.4
868,"Redmi 8 (Onyx Black, 64 GB)","₹8,999",4.4
869,"Realme 6 (Comet Blue, 64 GB)","₹13,999",4.4
870,"Realme 5i (Forest Green, 64 GB)","₹9,999",4.4
871,"Realme 5i (Aqua Blue, 128 GB)","₹10,999",4.4
872,"Realme 5i (Aqua Blue, 64 GB)","₹9,999",4.4
873,"Realme 5s (Crystal Blue, 64 GB)","₹10,999",4.4
874,"Realme 6 (Comet White, 64 GB)","₹13,999",4.4
875,"Realme C2 (Diamond Black, 32 GB)","₹6,499",4.4
876,"Realme C2 (Diamond Black, 32 GB)","₹7,499",4.3
877,"Realme C2 (Diamond Blue, 32 GB)","₹6,499",4.4
878,"Realme 5s (Crystal Blue, 128 GB)","₹11,999",4.4
879,"Realme 5s (Crystal Purple, 64 GB)","₹10,999",4.4
880,"Vivo U10 (Electric Blue, 32 GB)","₹9,990",4.4
881,"Realme C3 (Frozen Blue, 64 GB)","₹8,499",4.4
882,"Realme 6 Pro (Lightning Blue, 64 GB)","₹17,999",4.6
883,"Realme C2 (Diamond Ruby, 32 GB)","₹7,499",4.3
884,"Realme C2 (Diamond Sapphire, 32 GB)","₹7,499",4.3
885,"POCO X2 (Matrix Purple, 128 GB)","₹17,999",4.6
886,"Realme 6 Pro (Lightning Blue, 128 GB)","₹19,999",4.5
887,"Realme 6 Pro (Lightning Blue, 128 GB)","₹18,999",4.6
888,"Realme 5i (Forest Green, 128 GB)","₹10,999",4.4
889,"Redmi 8 (Ruby Red, 64 GB)","₹8,999",4.4
890,"Realme C3 (Blazing Red, 32 GB)","₹7,499",4.4
891,"Realme C3 (Frozen Blue, 32 GB)","₹7,499",4.4
892,"Redmi 8 (Onyx Black, 64 GB)","₹8,999",4.4
893,"Realme 6 (Comet Blue, 64 GB)","₹13,999",4.4
894,"Realme 5i (Forest Green, 64 GB)","₹9,999",4.4
895,"Realme 5i (Aqua Blue, 128 GB)","₹10,999",4.4
896,"Realme 5i (Aqua Blue, 64 GB)","₹9,999",4.4
897,"Realme 5s (Crystal Blue, 64 GB)","₹10,999",4.4
898,"Realme 6 (Comet White, 64 GB)","₹13,999",4.4
899,"Realme C2 (Diamond Black, 32 GB)","₹6,499",4.4
900,"Realme C2 (Diamond Black, 32 GB)","₹7,499",4.3
901,"Realme C2 (Diamond Blue, 32 GB)","₹6,499",4.4
902,"Realme 5s (Crystal Blue, 128 GB)","₹11,999",4.4
903,"Realme 5s (Crystal Purple, 64 GB)","₹10,999",4.4
904,"Vivo U10 (Electric Blue, 32 GB)","₹9,990",4.4
905,"Realme C3 (Frozen Blue, 64 GB)","₹8,499",4.4
906,"Realme 6 Pro (Lightning Blue, 64 GB)","₹17,999",4.6
907,"Realme C2 (Diamond Ruby, 32 GB)","₹7,499",4.3
908,"Realme C2 (Diamond Sapphire, 32 GB)","₹7,499",4.3
909,"POCO X2 (Matrix Purple, 128 GB)","₹17,999",4.6
910,"Realme 6 Pro (Lightning Blue, 128 GB)","₹19,999",4.5
911,"Realme 6 Pro (Lightning Blue, 128 GB)","₹18,999",4.6
912,"Realme 5i (Forest Green, 128 GB)","₹10,999",4.4
913,"Redmi 8 (Ruby Red, 64 GB)","₹8,999",4.4
914,"Realme C3 (Blazing Red, 32 GB)","₹7,499",4.4
915,"Realme C3 (Frozen Blue, 32 GB)","₹7,499",4.4
916,"Redmi 8 (Onyx Black, 64 GB)","₹8,999",4.4
917,"Realme 6 (Comet Blue, 64 GB)","₹13,999",4.4
918,"Realme 5i (Forest Green, 64 GB)","₹9,999",4.4
919,"Realme 5i (Aqua Blue, 128 GB)","₹10,999",4.4
920,"Realme 5i (Aqua Blue, 64 GB)","₹9,999",4.4
921,"Realme 5s (Crystal Blue, 64 GB)","₹10,999",4.4
922,"Realme 6 (Comet White, 64 GB)","₹13,999",4.4
923,"Realme C2 (Diamond Black, 32 GB)","₹6,499",4.4
924,"Realme C2 (Diamond Black, 32 GB)","₹7,499",4.3
925,"Realme C2 (Diamond Blue, 32 GB)","₹6,499",4.4
926,"Realme 5s (Crystal Blue, 128 GB)","₹11,999",4.4
927,"Realme 5s (Crystal Purple, 64 GB)","₹10,999",4.4
928,"Vivo U10 (Electric Blue, 32 GB)","₹9,990",4.4
929,"Realme C3 (Frozen Blue, 64 GB)","₹8,499",4.4
930,"Realme 6 Pro (Lightning Blue, 64 GB)","₹17,999",4.6
931,"Realme C2 (Diamond Ruby, 32 GB)","₹7,499",4.3
932,"Realme C2 (Diamond Sapphire, 32 GB)","₹7,499",4.3
933,"POCO X2 (Matrix Purple, 128 GB)","₹17,999",4.6
934,"Realme 6 Pro (Lightning Blue, 128 GB)","₹19,999",4.5
935,"Realme 6 Pro (Lightning Blue, 128 GB)","₹18,999",4.6
936,"Realme 5i (Forest Green, 128 GB)","₹10,999",4.4
937,"Redmi 8 (Ruby Red, 64 GB)","₹8,999",4.4
938,"Realme C3 (Blazing Red, 32 GB)","₹7,499",4.4
939,"Realme C3 (Frozen Blue, 32 GB)","₹7,499",4.4
940,"Redmi 8 (Onyx Black, 64 GB)","₹8,999",4.4
941,"Realme 6 (Comet Blue, 64 GB)","₹13,999",4.4
942,"Realme 5i (Forest Green, 64 GB)","₹9,999",4.4
943,"Realme 5i (Aqua Blue, 128 GB)","₹10,999",4.4
944,"Realme 5i (Aqua Blue, 64 GB)","₹9,999",4.4
945,"Realme 5s (Crystal Blue, 64 GB)","₹10,999",4.4
946,"Realme 6 (Comet White, 64 GB)","₹13,999",4.4
947,"Realme C2 (Diamond Black, 32 GB)","₹6,499",4.4
948,"Realme C2 (Diamond Black, 32 GB)","₹7,499",4.3
949,"Realme C2 (Diamond Blue, 32 GB)","₹6,499",4.4
950,"Realme 5s (Crystal Blue, 128 GB)","₹11,999",4.4
951,"Realme 5s (Crystal Purple, 64 GB)","₹10,999",4.4
952,"Vivo U10 (Electric Blue, 32 GB)","₹9,990",4.4
953,"Realme C3 (Frozen Blue, 64 GB)","₹8,499",4.4
954,"Realme 6 Pro (Lightning Blue, 64 GB)","₹17,999",4.6
955,"Realme C2 (Diamond Ruby, 32 GB)","₹7,499",4.3
956,"Realme C2 (Diamond Sapphire, 32 GB)","₹7,499",4.3
957,"POCO X2 (Matrix Purple, 128 GB)","₹17,999",4.6
958,"Realme 6 Pro (Lightning Blue, 128 GB)","₹19,999",4.5
959,"Realme 6 Pro (Lightning Blue, 128 GB)","₹18,999",4.6
960,"Realme 5i (Forest Green, 128 GB)","₹10,999",4.4
961,"Redmi 8 (Ruby Red, 64 GB)","₹8,999",4.4
962,"Realme C3 (Blazing Red, 32 GB)","₹7,499",4.4
963,"Realme C3 (Frozen Blue, 32 GB)","₹7,499",4.4
964,"Redmi 8 (Onyx Black, 64 GB)","₹8,999",4.4
965,"Realme 6 (Comet Blue, 64 GB)","₹13,999",4.4
966,"Realme 5i (Forest Green, 64 GB)","₹9,999",4.4
967,"Realme 5i (Aqua Blue, 128 GB)","₹10,999",4.4
968,"Realme 5i (Aqua Blue, 64 GB)","₹9,999",4.4
969,"Realme 5s (Crystal Blue, 64 GB)","₹10,999",4.4
970,"Realme 6 (Comet White, 64 GB)","₹13,999",4.4
971,"Realme C2 (Diamond Black, 32 GB)","₹6,499",4.4
972,"Realme C2 (Diamond Black, 32 GB)","₹7,499",4.3
973,"Realme C2 (Diamond Blue, 32 GB)","₹6,499",4.4
974,"Realme 5s (Crystal Blue, 128 GB)","₹11,999",4.4
975,"Realme 5s (Crystal Purple, 64 GB)","₹10,999",4.4
976,"Vivo U10 (Electric Blue, 32 GB)","₹9,990",4.4
977,"Realme C3 (Frozen Blue, 64 GB)","₹8,499",4.4
978,"Realme 6 Pro (Lightning Blue, 64 GB)","₹17,999",4.6
979,"Realme C2 (Diamond Ruby, 32 GB)","₹7,499",4.3
980,"Realme C2 (Diamond Sapphire, 32 GB)","₹7,499",4.3
981,"POCO X2 (Matrix Purple, 128 GB)","₹17,999",4.6
982,"Realme 6 Pro (Lightning Blue, 128 GB)","₹19,999",4.5
983,"Realme 6 Pro (Lightning Blue, 128 GB)","₹18,999",4.6
984,"Realme 5i (Forest Green, 128 GB)","₹10,999",4.4
985,"Redmi 8 (Ruby Red, 64 GB)","₹8,999",4.4
986,"Realme C3 (Blazing Red, 32 GB)","₹7,499",4.4
987,"Realme C3 (Frozen Blue, 32 GB)","₹7,499",4.4
988,"Redmi 8 (Onyx Black, 64 GB)","₹8,999",4.4
989,"Realme 6 (Comet Blue, 64 GB)","₹13,999",4.4
990,"Realme 5i (Forest Green, 64 GB)","₹9,999",4.4
991,"Realme 5i (Aqua Blue, 128 GB)","₹10,999",4.4
992,"Realme 5i (Aqua Blue, 64 GB)","₹9,999",4.4
993,"Realme 5s (Crystal Blue, 64 GB)","₹10,999",4.4
994,"Realme 6 (Comet White, 64 GB)","₹13,999",4.4
995,"Realme C2 (Diamond Black, 32 GB)","₹6,499",4.4
996,"Realme C2 (Diamond Black, 32 GB)","₹7,499",4.3
997,"Realme C2 (Diamond Blue, 32 GB)","₹6,499",4.4
998,"Realme 5s (Crystal Blue, 128 GB)","₹11,999",4.4
999,"Realme 5s (Crystal Purple, 64 GB)","₹10,999",4.4
1000,"Vivo U10 (Electric Blue, 32 GB)","₹9,990",4.4
1001,"Realme C3 (Frozen Blue, 64 GB)","₹8,499",4.4
1002,"Realme 6 Pro (Lightning Blue, 64 GB)","₹17,999",4.6
1003,"Realme C2 (Diamond Ruby, 32 GB)","₹7,499",4.3
1004,"Realme C2 (Diamond Sapphire, 32 GB)","₹7,499",4.3
1005,"POCO X2 (Matrix Purple, 128 GB)","₹17,999",4.6
1006,"Realme 6 Pro (Lightning Blue, 128 GB)","₹19,999",4.5
1007,"Realme 6 Pro (Lightning Blue, 128 GB)","₹18,999",4.6
1008,"Realme 5i (Forest Green, 128 GB)","₹10,999",4.4
1009,"Redmi 8 (Ruby Red, 64 GB)","₹8,999",4.4
1010,"Realme C3 (Blazing Red, 32 GB)","₹7,499",4.4
1011,"Realme C3 (Frozen Blue, 32 GB)","₹7,499",4.4
1012,"Redmi 8 (Onyx Black, 64 GB)","₹8,999",4.4
1013,"Realme 6 (Comet Blue, 64 GB)","₹13,999",4.4
1014,"Realme 5i (Forest Green, 64 GB)","₹9,999",4.4
1015,"Realme 5i (Aqua Blue, 128 GB)","₹10,999",4.4
1016,"Realme 5i (Aqua Blue, 64 GB)","₹9,999",4.4
1017,"Realme 5s (Crystal Blue, 64 GB)","₹10,999",4.4
1018,"Realme 6 (Comet White, 64 GB)","₹13,999",4.4
1019,"Realme C2 (Diamond Black, 32 GB)","₹6,499",4.4
1020,"Realme C2 (Diamond Black, 32 GB)","₹7,499",4.3
1021,"Realme C2 (Diamond Blue, 32 GB)","₹6,499",4.4
1022,"Realme 5s (Crystal Blue, 128 GB)","₹11,999",4.4
1023,"Realme 5s (Crystal Purple, 64 GB)","₹10,999",4.4
1024,"Vivo U10 (Electric Blue, 32 GB)","₹9,990",4.4
1025,"Realme C3 (Frozen Blue, 64 GB)","₹8,499",4.4
1026,"Realme 6 Pro (Lightning Blue, 64 GB)","₹17,999",4.6
1027,"Realme C2 (Diamond Ruby, 32 GB)","₹7,499",4.3
1028,"Realme C2 (Diamond Sapphire, 32 GB)","₹7,499",4.3
1029,"POCO X2 (Matrix Purple, 128 GB)","₹17,999",4.6
1030,"Realme 6 Pro (Lightning Blue, 128 GB)","₹19,999",4.5
1031,"Realme 6 Pro (Lightning Blue, 128 GB)","₹18,999",4.6
1032,"Realme 5i (Forest Green, 128 GB)","₹10,999",4.4
1033,"Redmi 8 (Ruby Red, 64 GB)","₹8,999",4.4
1034,"Realme C3 (Blazing Red, 32 GB)","₹7,499",4.4
1035,"Realme C3 (Frozen Blue, 32 GB)","₹7,499",4.4
1036,"Redmi 8 (Onyx Black, 64 GB)","₹8,999",4.4
1037,"Realme 6 (Comet Blue, 64 GB)","₹13,999",4.4
1038,"Realme 5i (Forest Green, 64 GB)","₹9,999",4.4
1039,"Realme 5i (Aqua Blue, 128 GB)","₹10,999",4.4
1040,"Realme 5i (Aqua Blue, 64 GB)","₹9,999",4.4
1041,"Realme 5s (Crystal Blue, 64 GB)","₹10,999",4.4
1042,"Realme 6 (Comet White, 64 GB)","₹13,999",4.4
1043,"Realme C2 (Diamond Black, 32 GB)","₹6,499",4.4
1044,"Realme C2 (Diamond Black, 32 GB)","₹7,499",4.3
1045,"Realme C2 (Diamond Blue, 32 GB)","₹6,499",4.4
1046,"Realme 5s (Crystal Blue, 128 GB)","₹11,999",4.4
1047,"Realme 5s (Crystal Purple, 64 GB)","₹10,999",4.4
1048,"Vivo U10 (Electric Blue, 32 GB)","₹9,990",4.4
1049,"Realme C3 (Frozen Blue, 64 GB)","₹8,499",4.4
1050,"Realme 6 Pro (Lightning Blue, 64 GB)","₹17,999",4.6
1051,"Realme C2 (Diamond Ruby, 32 GB)","₹7,499",4.3
1052,"Realme C2 (Diamond Sapphire, 32 GB)","₹7,499",4.3
1053,"POCO X2 (Matrix Purple, 128 GB)","₹17,999",4.6
1054,"Realme 6 Pro (Lightning Blue, 128 GB)","₹19,999",4.5
1055,"Realme 6 Pro (Lightning Blue, 128 GB)","₹18,999",4.6
1056,"Realme 5i (Forest Green, 128 GB)","₹10,999",4.4
1057,"Redmi 8 (Ruby Red, 64 GB)","₹8,999",4.4
1058,"Realme C3 (Blazing Red, 32 GB)","₹7,499",4.4
1059,"Realme C3 (Frozen Blue, 32 GB)","₹7,499",4.4
1060,"Redmi 8 (Onyx Black, 64 GB)","₹8,999",4.4
1061,"Realme 6 (Comet Blue, 64 GB)","₹13,999",4.4
1062,"Realme 5i (Forest Green, 64 GB)","₹9,999",4.4
1063,"Realme 5i (Aqua Blue, 128 GB)","₹10,999",4.4
1064,"Realme 5i (Aqua Blue, 64 GB)","₹9,999",4.4
1065,"Realme 5s (Crystal Blue, 64 GB)","₹10,999",4.4
1066,"Realme 6 (Comet White, 64 GB)","₹13,999",4.4
1067,"Realme C2 (Diamond Black, 32 GB)","₹6,499",4.4
1068,"Realme C2 (Diamond Black, 32 GB)","₹7,499",4.3
1069,"Realme C2 (Diamond Blue, 32 GB)","₹6,499",4.4
1070,"Realme 5s (Crystal Blue, 128 GB)","₹11,999",4.4
1071,"Realme 5s (Crystal Purple, 64 GB)","₹10,999",4.4
1072,"Vivo U10 (Electric Blue, 32 GB)","₹9,990",4.4
1073,"Realme C3 (Frozen Blue, 64 GB)","₹8,499",4.4
1074,"Realme 6 Pro (Lightning Blue, 64 GB)","₹17,999",4.6
1075,"Realme C2 (Diamond Ruby, 32 GB)","₹7,499",4.3
1076,"Realme C2 (Diamond Sapphire, 32 GB)","₹7,499",4.3
1077,"POCO X2 (Matrix Purple, 128 GB)","₹17,999",4.6
1078,"Realme 6 Pro (Lightning Blue, 128 GB)","₹19,999",4.5
1079,"Realme 6 Pro (Lightning Blue, 128 GB)","₹18,999",4.6
1080,"Realme 5i (Forest Green, 128 GB)","₹10,999",4.4
1081,"Redmi 8 (Ruby Red, 64 GB)","₹8,999",4.4
1082,"Realme C3 (Blazing Red, 32 GB)","₹7,499",4.4
1083,"Realme C3 (Frozen Blue, 32 GB)","₹7,499",4.4
1084,"Redmi 8 (Onyx Black, 64 GB)","₹8,999",4.4
1085,"Realme 6 (Comet Blue, 64 GB)","₹13,999",4.4
1086,"Realme 5i (Forest Green, 64 GB)","₹9,999",4.4
1087,"Realme 5i (Aqua Blue, 128 GB)","₹10,999",4.4
1088,"Realme 5i (Aqua Blue, 64 GB)","₹9,999",4.4
1089,"Realme 5s (Crystal Blue, 64 GB)","₹10,999",4.4
1090,"Realme 6 (Comet White, 64 GB)","₹13,999",4.4
1091,"Realme C2 (Diamond Black, 32 GB)","₹6,499",4.4
1092,"Realme C2 (Diamond Black, 32 GB)","₹7,499",4.3
1093,"Realme C2 (Diamond Blue, 32 GB)","₹6,499",4.4
1094,"Realme 5s (Crystal Blue, 128 GB)","₹11,999",4.4
1095,"Realme 5s (Crystal Purple, 64 GB)","₹10,999",4.4
1096,"Vivo U10 (Electric Blue, 32 GB)","₹9,990",4.4
1097,"Realme C3 (Frozen Blue, 64 GB)","₹8,499",4.4
1098,"Realme 6 Pro (Lightning Blue, 64 GB)","₹17,999",4.6
1099,"Realme C2 (Diamond Ruby, 32 GB)","₹7,499",4.3
1100,"Realme C2 (Diamond Sapphire, 32 GB)","₹7,499",4.3
1101,"POCO X2 (Matrix Purple, 128 GB)","₹17,999",4.6
1102,"Realme 6 Pro (Lightning Blue, 128 GB)","₹19,999",4.5
1103,"Realme 6 Pro (Lightning Blue, 128 GB)","₹18,999",4.6
1104,"Realme 5i (Forest Green, 128 GB)","₹10,999",4.4
1105,"Redmi 8 (Ruby Red, 64 GB)","₹8,999",4.4
1106,"Realme C3 (Blazing Red, 32 GB)","₹7,499",4.4
1107,"Realme C3 (Frozen Blue, 32 GB)","₹7,499",4.4
1108,"Redmi 8 (Onyx Black, 64 GB)","₹8,999",4.4
1109,"Realme 6 (Comet Blue, 64 GB)","₹13,999",4.4
1110,"Realme 5i (Forest Green, 64 GB)","₹9,999",4.4
1111,"Realme 5i (Aqua Blue, 128 GB)","₹10,999",4.4
1112,"Realme 5i (Aqua Blue, 64 GB)","₹9,999",4.4
1113,"Realme 5s (Crystal Blue, 64 GB)","₹10,999",4.4
1114,"Realme 6 (Comet White, 64 GB)","₹13,999",4.4
1115,"Realme C2 (Diamond Black, 32 GB)","₹6,499",4.4
1116,"Realme C2 (Diamond Black, 32 GB)","₹7,499",4.3
1117,"Realme C2 (Diamond Blue, 32 GB)","₹6,499",4.4
1118,"Realme 5s (Crystal Blue, 128 GB)","₹11,999",4.4
1119,"Realme 5s (Crystal Purple, 64 GB)","₹10,999",4.4
1120,"Vivo U10 (Electric Blue, 32 GB)","₹9,990",4.4
1121,"Realme C3 (Frozen Blue, 64 GB)","₹8,499",4.4
1122,"Realme 6 Pro (Lightning Blue, 64 GB)","₹17,999",4.6
1123,"Realme C2 (Diamond Ruby, 32 GB)","₹7,499",4.3
1124,"Realme C2 (Diamond Sapphire, 32 GB)","₹7,499",4.3
1125,"POCO X2 (Matrix Purple, 128 GB)","₹17,999",4.6
1126,"Realme 6 Pro (Lightning Blue, 128 GB)","₹19,999",4.5
1127,"Realme 6 Pro (Lightning Blue, 128 GB)","₹18,999",4.6
1128,"Realme 5i (Forest Green, 128 GB)","₹10,999",4.4
1129,"Redmi 8 (Ruby Red, 64 GB)","₹8,999",4.4
1130,"Realme C3 (Blazing Red, 32 GB)","₹7,499",4.4
1131,"Realme C3 (Frozen Blue, 32 GB)","₹7,499",4.4
1132,"Redmi 8 (Onyx Black, 64 GB)","₹8,999",4.4
1133,"Realme 6 (Comet Blue, 64 GB)","₹13,999",4.4
1134,"Realme 5i (Forest Green, 64 GB)","₹9,999",4.4
1135,"Realme 5i (Aqua Blue, 128 GB)","₹10,999",4.4
1136,"Realme 5i (Aqua Blue, 64 GB)","₹9,999",4.4
1137,"Realme 5s (Crystal Blue, 64 GB)","₹10,999",4.4
1138,"Realme 6 (Comet White, 64 GB)","₹13,999",4.4
1139,"Realme C2 (Diamond Black, 32 GB)","₹6,499",4.4
1140,"Realme C2 (Diamond Black, 32 GB)","₹7,499",4.3
1141,"Realme C2 (Diamond Blue, 32 GB)","₹6,499",4.4
1142,"Realme 5s (Crystal Blue, 128 GB)","₹11,999",4.4
1143,"Realme 5s (Crystal Purple, 64 GB)","₹10,999",4.4
1144,"Vivo U10 (Electric Blue, 32 GB)","₹9,990",4.4
1145,"Realme C3 (Frozen Blue, 64 GB)","₹8,499",4.4
1146,"Realme 6 Pro (Lightning Blue, 64 GB)","₹17,999",4.6
1147,"Realme C2 (Diamond Ruby, 32 GB)","₹7,499",4.3
1148,"Realme C2 (Diamond Sapphire, 32 GB)","₹7,499",4.3
1149,"POCO X2 (Matrix Purple, 128 GB)","₹17,999",4.6
1150,"Realme 6 Pro (Lightning Blue, 128 GB)","₹19,999",4.5
1151,"Realme 6 Pro (Lightning Blue, 128 GB)","₹18,999",4.6
1152,"Realme 5i (Forest Green, 128 GB)","₹10,999",4.4
1153,"Redmi 8 (Ruby Red, 64 GB)","₹8,999",4.4
1154,"Realme C3 (Blazing Red, 32 GB)","₹7,499",4.4
1155,"Realme C3 (Frozen Blue, 32 GB)","₹7,499",4.4
1156,"Redmi 8 (Onyx Black, 64 GB)","₹8,999",4.4
1157,"Realme 6 (Comet Blue, 64 GB)","₹13,999",4.4
1158,"Realme 5i (Forest Green, 64 GB)","₹9,999",4.4
1159,"Realme 5i (Aqua Blue, 128 GB)","₹10,999",4.4
1160,"Realme 5i (Aqua Blue, 64 GB)","₹9,999",4.4
1161,"Realme 5s (Crystal Blue, 64 GB)","₹10,999",4.4
1162,"Realme 6 (Comet White, 64 GB)","₹13,999",4.4
1163,"Realme C2 (Diamond Black, 32 GB)","₹6,499",4.4
1164,"Realme C2 (Diamond Black, 32 GB)","₹7,499",4.3
1165,"Realme C2 (Diamond Blue, 32 GB)","₹6,499",4.4
1166,"Realme 5s (Crystal Blue, 128 GB)","₹11,999",4.4
1167,"Realme 5s (Crystal Purple, 64 GB)","₹10,999",4.4
1168,"Vivo U10 (Electric Blue, 32 GB)","₹9,990",4.4
1169,"Realme C3 (Frozen Blue, 64 GB)","₹8,499",4.4
1170,"Realme 6 Pro (Lightning Blue, 64 GB)","₹17,999",4.6
1171,"Realme C2 (Diamond Ruby, 32 GB)","₹7,499",4.3
1172,"Realme C2 (Diamond Sapphire, 32 GB)","₹7,499",4.3
1173,"POCO X2 (Matrix Purple, 128 GB)","₹17,999",4.6
1174,"Realme 6 Pro (Lightning Blue, 128 GB)","₹19,999",4.5
1175,"Realme 6 Pro (Lightning Blue, 128 GB)","₹18,999",4.6
1176,"Realme 5i (Forest Green, 128 GB)","₹10,999",4.4
1177,"Redmi 8 (Ruby Red, 64 GB)","₹8,999",4.4
1178,"Realme C3 (Blazing Red, 32 GB)","₹7,499",4.4
1179,"Realme C3 (Frozen Blue, 32 GB)","₹7,499",4.4
1180,"Redmi 8 (Onyx Black, 64 GB)","₹8,999",4.4
1181,"Realme 6 (Comet Blue, 64 GB)","₹13,999",4.4
1182,"Realme 5i (Forest Green, 64 GB)","₹9,999",4.4
1183,"Realme 5i (Aqua Blue, 128 GB)","₹10,999",4.4
1184,"Realme 5i (Aqua Blue, 64 GB)","₹9,999",4.4
1185,"Realme 5s (Crystal Blue, 64 GB)","₹10,999",4.4
1186,"Realme 6 (Comet White, 64 GB)","₹13,999",4.4
1187,"Realme C2 (Diamond Black, 32 GB)","₹6,499",4.4
1188,"Realme C2 (Diamond Black, 32 GB)","₹7,499",4.3
1189,"Realme C2 (Diamond Blue, 32 GB)","₹6,499",4.4
1190,"Realme 5s (Crystal Blue, 128 GB)","₹11,999",4.4
1191,"Realme 5s (Crystal Purple, 64 GB)","₹10,999",4.4
1192,"Vivo U10 (Electric Blue, 32 GB)","₹9,990",4.4
1193,"Realme C3 (Frozen Blue, 64 GB)","₹8,499",4.4
1194,"Realme 6 Pro (Lightning Blue, 64 GB)","₹17,999",4.6
1195,"Realme C2 (Diamond Ruby, 32 GB)","₹7,499",4.3
1196,"Realme C2 (Diamond Sapphire, 32 GB)","₹7,499",4.3
1197,"POCO X2 (Matrix Purple, 128 GB)","₹17,999",4.6
1198,"Realme 6 Pro (Lightning Blue, 128 GB)","₹19,999",4.5
1199,"Realme 6 Pro (Lightning Blue, 128 GB)","₹18,999",4.6
